INSERT INTO cliente (id_cliente, nombre, apellido, nivel) VALUES (1, 'Jan Carolina','Perez', 1);
INSERT INTO cliente (id_cliente, nombre, apellido, nivel) VALUES (2, 'Valeria','Ahumada', 1);
INSERT INTO cliente (id_cliente, nombre, apellido, nivel) VALUES (3, 'Jhonatan','Granda', 1);
INSERT INTO cliente (id_cliente, nombre, apellido, nivel) VALUES (4, 'Jhon Mauricio','Ortiz', 2);
INSERT INTO cliente (id_cliente, nombre, apellido, nivel) VALUES (5, 'Cristian','Muñoz', 0);
INSERT INTO cliente (id_cliente, nombre, apellido, nivel) VALUES (6, 'Jhon','Botero', 2);
INSERT INTO cliente (id_cliente, nombre, apellido, nivel) VALUES (7, 'Elizabeth','Diaz', 1);
INSERT INTO cliente (id_cliente, nombre, apellido, nivel) VALUES (8, 'Lizbeth','Marquez', 2);
INSERT INTO cliente (id_cliente, nombre, apellido, nivel) VALUES (9, 'Karen','Gonzalez', 1);
INSERT INTO cliente (id_cliente, nombre, apellido, nivel) VALUES (10, 'Leonor','Coronel', 1);
INSERT INTO producto (id_producto, nombre, categoria, precio) VALUES (1, 'omnis quod consequatur', 'Juegos', 184.83);
INSERT INTO producto (id_producto, nombre, categoria, precio) VALUES (2, 'vel libero suscipit', 'Juguetes', 12.66);
INSERT INTO producto (id_producto, nombre, categoria, precio) VALUES (3, 'non nemo iure', 'Alimentación', 498.02);
INSERT INTO producto (id_producto, nombre, categoria, precio) VALUES (4, 'voluptatem voluptas aspernatur', 'Juguetes', 536.80);
INSERT INTO producto (id_producto, nombre, categoria, precio) VALUES (5, 'animi cum rem', 'Juegos', 458.20);
INSERT INTO producto (id_producto, nombre, categoria, precio) VALUES (6, 'dolorem porro debitis', 'Juguetes', 146.52);
INSERT INTO producto (id_producto, nombre, categoria, precio) VALUES (7, 'aspernatur rerum qui', 'Libros', 656.42);
INSERT INTO producto (id_producto, nombre, categoria, precio) VALUES (8, 'deleniti earum et', 'Bebé', 41.46);
INSERT INTO producto (id_producto, nombre, categoria, precio) VALUES (9, 'voluptas ut quidem', 'Libros', 697.57);
INSERT INTO producto (id_producto, nombre, categoria, precio) VALUES (10, 'eos sed debitis', 'Bebé', 366.90);
INSERT INTO producto (id_producto, nombre, categoria, precio) VALUES (11, 'laudantium sit nihil', 'Juguetes', 95.50);
INSERT INTO producto (id_producto, nombre, categoria, precio) VALUES (12, 'ut perferendis corporis', 'Alimentación', 302.19);
INSERT INTO producto (id_producto, nombre, categoria, precio) VALUES (13, 'sint voluptatem ut', 'Juguetes', 295.37);
INSERT INTO producto (id_producto, nombre, categoria, precio) VALUES (14, 'quos sunt ipsam', 'Alimentación', 534.64);
INSERT INTO producto (id_producto, nombre, categoria, precio) VALUES (15, 'qui illo error', 'Bebé', 623.58);
INSERT INTO producto (id_producto, nombre, categoria, precio) VALUES (16, 'aut ex ducimus', 'Libros', 551.39);
INSERT INTO producto (id_producto, nombre, categoria, precio) VALUES (17, 'accusamus repellendus minus', 'Libros', 240.58);
INSERT INTO producto (id_producto, nombre, categoria, precio) VALUES (18, 'aut accusamus quia', 'Bebé', 881.38);
INSERT INTO producto (id_producto, nombre, categoria, precio) VALUES (19, 'doloremque incidunt sed', 'Juegos', 988.49);
INSERT INTO producto (id_producto, nombre, categoria, precio) VALUES (20, 'libero omnis velit', 'Bebé', 177.61);
INSERT INTO producto (id_producto, nombre, categoria, precio) VALUES (21, 'consectetur cupiditate sunt', 'Juguetes', 95.46);
INSERT INTO producto (id_producto, nombre, categoria, precio) VALUES (22, 'itaque ea qui', 'Bebé', 677.78);
INSERT INTO producto (id_producto, nombre, categoria, precio) VALUES (23, 'non et nulla', 'Alimentación', 70.49);
INSERT INTO producto (id_producto, nombre, categoria, precio) VALUES (24, 'veniam consequatur et', 'Libros', 893.44);
INSERT INTO producto (id_producto, nombre, categoria, precio) VALUES (25, 'magnam adipisci voluptate', 'Alimentación', 366.13);
INSERT INTO producto (id_producto, nombre, categoria, precio) VALUES (26, 'reiciendis consequuntur placeat', 'Juguetes', 359.27);
INSERT INTO producto (id_producto, nombre, categoria, precio) VALUES (27, 'dolores ipsum sit', 'Juguetes', 786.99);
INSERT INTO producto (id_producto, nombre, categoria, precio) VALUES (28, 'ut hic tempore', 'Juguetes', 316.09);
INSERT INTO producto (id_producto, nombre, categoria, precio) VALUES (29, 'quas quis deserunt', 'Juguetes', 772.78);
INSERT INTO producto (id_producto, nombre, categoria, precio) VALUES (30, 'excepturi nesciunt accusantium', 'Juguetes', 911.46);
INSERT INTO producto_pedido (id_pedido, pedido_fecha, entrega_fecha, estado, cliente_id) VALUES (1, '2022-02-28', '2022-03-08', 'NUEVO', 5);
INSERT INTO producto_pedido (id_pedido, pedido_fecha, entrega_fecha, estado, cliente_id) VALUES (2, '2022-02-28', '2022-03-05', 'NUEVO', 3);
INSERT INTO producto_pedido (id_pedido, pedido_fecha, entrega_fecha, estado, cliente_id) VALUES (3, '2022-04-10', '2022-04-18', 'ENTREGADO', 5);
INSERT INTO producto_pedido (id_pedido, pedido_fecha, entrega_fecha, estado, cliente_id) VALUES (4, '2022-03-22', '2022-03-27', 'PENDIENTE', 3);
INSERT INTO producto_pedido (id_pedido, pedido_fecha, entrega_fecha, estado, cliente_id) VALUES (5, '2022-03-04', '2022-03-12', 'NUEVO', 1);
INSERT INTO producto_pedido (id_pedido, pedido_fecha, entrega_fecha, estado, cliente_id) VALUES (6, '2022-03-30', '2022-04-07', 'ENTREGADO', 9);
INSERT INTO producto_pedido (id_pedido, pedido_fecha, entrega_fecha, estado, cliente_id) VALUES (7, '2022-03-05', '2022-03-09', 'PENDIENTE', 8);
INSERT INTO producto_pedido (id_pedido, pedido_fecha, entrega_fecha, estado, cliente_id) VALUES (8, '2022-03-27', '2022-04-05', 'NUEVO', 4);
INSERT INTO producto_pedido (id_pedido, pedido_fecha, entrega_fecha, estado, cliente_id) VALUES (9, '2022-04-14', '2022-04-18', 'NUEVO', 10);
INSERT INTO producto_pedido (id_pedido, pedido_fecha, entrega_fecha, estado, cliente_id) VALUES (10, '2022-03-10', '2022-03-19', 'NUEVO', 8);
INSERT INTO producto_pedido (id_pedido, pedido_fecha, entrega_fecha, estado, cliente_id) VALUES (11, '2022-04-01', '2022-04-04', 'ENTREGADO', 1);
INSERT INTO producto_pedido (id_pedido, pedido_fecha, entrega_fecha, estado, cliente_id) VALUES (12, '2022-02-24', '2022-02-28', 'PENDIENTE', 5);
INSERT INTO producto_pedido (id_pedido, pedido_fecha, entrega_fecha, estado, cliente_id) VALUES (13, '2022-03-15', '2022-03-21', 'NUEVO', 5);
INSERT INTO producto_pedido (id_pedido, pedido_fecha, entrega_fecha, estado, cliente_id) VALUES (14, '2022-03-30', '2022-04-07', 'PENDIENTE', 4);
INSERT INTO producto_pedido (id_pedido, pedido_fecha, entrega_fecha, estado, cliente_id) VALUES (15, '2022-03-13', '2022-03-14', 'ENTREGADO', 5);
INSERT INTO producto_pedido (id_pedido, pedido_fecha, entrega_fecha, estado, cliente_id) VALUES (16, '2022-03-13', '2022-03-21', 'NUEVO', 1);
INSERT INTO producto_pedido (id_pedido, pedido_fecha, entrega_fecha, estado, cliente_id) VALUES (17, '2022-03-31', '2022-03-31', 'ENTREGADO', 6);
INSERT INTO producto_pedido (id_pedido, pedido_fecha, entrega_fecha, estado, cliente_id) VALUES (18, '2022-03-25', '2022-03-31', 'PENDIENTE', 9);
INSERT INTO producto_pedido (id_pedido, pedido_fecha, entrega_fecha, estado, cliente_id) VALUES (19, '2022-02-28', '2022-03-09', 'ENTREGADO', 9);
INSERT INTO producto_pedido (id_pedido, pedido_fecha, entrega_fecha, estado, cliente_id) VALUES (20, '2022-03-23', '2022-03-30', 'NUEVO', 5);
INSERT INTO producto_pedido (id_pedido, pedido_fecha, entrega_fecha, estado, cliente_id) VALUES (21, '2022-03-19', '2022-03-24', 'ENTREGADO', 9);
INSERT INTO producto_pedido (id_pedido, pedido_fecha, entrega_fecha, estado, cliente_id) VALUES (22, '2022-02-27', '2022-03-01', 'NUEVO', 5);
INSERT INTO producto_pedido (id_pedido, pedido_fecha, entrega_fecha, estado, cliente_id) VALUES (23, '2022-04-19', '2022-04-24', 'PENDIENTE', 4);
INSERT INTO producto_pedido (id_pedido, pedido_fecha, entrega_fecha, estado, cliente_id) VALUES (24, '2022-03-24', '2022-03-24', 'ENTREGADO', 1);
INSERT INTO producto_pedido (id_pedido, pedido_fecha, entrega_fecha, estado, cliente_id) VALUES (25, '2022-03-03', '2022-03-10', 'NUEVO', 1);
INSERT INTO producto_pedido (id_pedido, pedido_fecha, entrega_fecha, estado, cliente_id) VALUES (26, '2022-03-17', '2022-03-26', 'NUEVO', 10);
INSERT INTO producto_pedido (id_pedido, pedido_fecha, entrega_fecha, estado, cliente_id) VALUES (27, '2022-03-20', '2022-03-25', 'NUEVO', 1);
INSERT INTO producto_pedido (id_pedido, pedido_fecha, entrega_fecha, estado, cliente_id) VALUES (28, '2022-04-09', '2022-04-16', 'ENTREGADO', 2);
INSERT INTO producto_pedido (id_pedido, pedido_fecha, entrega_fecha, estado, cliente_id) VALUES (29, '2022-04-06', '2022-04-08', 'PENDIENTE', 1);
INSERT INTO producto_pedido (id_pedido, pedido_fecha, entrega_fecha, estado, cliente_id) VALUES (30, '2022-04-19', '2022-04-20', 'ENTREGADO', 1);
INSERT INTO producto_pedido (id_pedido, pedido_fecha, entrega_fecha, estado, cliente_id) VALUES (31, '2022-03-03', '2022-03-04', 'NUEVO', 3);
INSERT INTO producto_pedido (id_pedido, pedido_fecha, entrega_fecha, estado, cliente_id) VALUES (32, '2022-03-15', '2022-03-24', 'ENTREGADO', 2);
INSERT INTO producto_pedido (id_pedido, pedido_fecha, entrega_fecha, estado, cliente_id) VALUES (33, '2022-04-18', '2022-04-24', 'PENDIENTE', 1);
INSERT INTO producto_pedido (id_pedido, pedido_fecha, entrega_fecha, estado, cliente_id) VALUES (34, '2022-03-28', '2022-03-28', 'NUEVO', 6);
INSERT INTO producto_pedido (id_pedido, pedido_fecha, entrega_fecha, estado, cliente_id) VALUES (35, '2022-03-15', '2022-03-17', 'NUEVO', 1);
INSERT INTO producto_pedido (id_pedido, pedido_fecha, entrega_fecha, estado, cliente_id) VALUES (36, '2022-03-04', '2022-03-08', 'ENTREGADO', 2);
INSERT INTO producto_pedido (id_pedido, pedido_fecha, entrega_fecha, estado, cliente_id) VALUES (37, '2022-03-18', '2022-03-25', 'NUEVO', 8);
INSERT INTO producto_pedido (id_pedido, pedido_fecha, entrega_fecha, estado, cliente_id) VALUES (38, '2022-04-11', '2022-04-20', 'NUEVO', 8);
INSERT INTO producto_pedido (id_pedido, pedido_fecha, entrega_fecha, estado, cliente_id) VALUES (39, '2022-04-12', '2022-04-17', 'NUEVO', 9);
INSERT INTO producto_pedido (id_pedido, pedido_fecha, entrega_fecha, estado, cliente_id) VALUES (40, '2022-03-12', '2022-03-12', 'PENDIENTE', 3);
INSERT INTO producto_pedido (id_pedido, pedido_fecha, entrega_fecha, estado, cliente_id) VALUES (41, '2022-02-24', '2022-02-26', 'NUEVO', 5);
INSERT INTO producto_pedido (id_pedido, pedido_fecha, entrega_fecha, estado, cliente_id) VALUES (42, '2022-04-08', '2022-04-14', 'ENTREGADO', 9);
INSERT INTO producto_pedido (id_pedido, pedido_fecha, entrega_fecha, estado, cliente_id) VALUES (43, '2022-03-03', '2022-03-11', 'NUEVO', 3);
INSERT INTO producto_pedido (id_pedido, pedido_fecha, entrega_fecha, estado, cliente_id) VALUES (44, '2022-03-12', '2022-03-14', 'ENTREGADO', 4);
INSERT INTO producto_pedido (id_pedido, pedido_fecha, entrega_fecha, estado, cliente_id) VALUES (45, '2022-04-01', '2022-04-06', 'ENTREGADO', 1);
INSERT INTO producto_pedido (id_pedido, pedido_fecha, entrega_fecha, estado, cliente_id) VALUES (46, '2022-03-16', '2022-03-22', 'NUEVO', 10);
INSERT INTO producto_pedido (id_pedido, pedido_fecha, entrega_fecha, estado, cliente_id) VALUES (47, '2022-04-07', '2022-04-12', 'PENDIENTE', 2);
INSERT INTO producto_pedido (id_pedido, pedido_fecha, entrega_fecha, estado, cliente_id) VALUES (48, '2022-04-05', '2022-04-06', 'NUEVO', 2);
INSERT INTO producto_pedido (id_pedido, pedido_fecha, entrega_fecha, estado, cliente_id) VALUES (49, '2022-04-10', '2022-04-13', 'NUEVO', 7);
INSERT INTO producto_pedido (id_pedido, pedido_fecha, entrega_fecha, estado, cliente_id) VALUES (50, '2022-03-18', '2022-03-21', 'NUEVO', 9);
INSERT INTO pedido_producto_relacion (id_pedido, id_producto) VALUES (1, 19);
INSERT INTO pedido_producto_relacion (id_pedido, id_producto) VALUES (1, 21);
INSERT INTO pedido_producto_relacion (id_pedido, id_producto) VALUES (1, 5);
INSERT INTO pedido_producto_relacion (id_pedido, id_producto) VALUES (2, 17);
INSERT INTO pedido_producto_relacion (id_pedido, id_producto) VALUES (2, 11);
INSERT INTO pedido_producto_relacion (id_pedido, id_producto) VALUES (2, 14);
INSERT INTO pedido_producto_relacion (id_pedido, id_producto) VALUES (2, 13);
INSERT INTO pedido_producto_relacion (id_pedido, id_producto) VALUES (3, 5);
INSERT INTO pedido_producto_relacion (id_pedido, id_producto) VALUES (3, 3);
INSERT INTO pedido_producto_relacion (id_pedido, id_producto) VALUES (3, 19);
INSERT INTO pedido_producto_relacion (id_pedido, id_producto) VALUES (3, 13);
INSERT INTO pedido_producto_relacion (id_pedido, id_producto) VALUES (3, 15);
INSERT INTO pedido_producto_relacion (id_pedido, id_producto) VALUES (4, 22);
INSERT INTO pedido_producto_relacion (id_pedido, id_producto) VALUES (4, 26);
INSERT INTO pedido_producto_relacion (id_pedido, id_producto) VALUES (4, 12);
INSERT INTO pedido_producto_relacion (id_pedido, id_producto) VALUES (5, 5);
INSERT INTO pedido_producto_relacion (id_pedido, id_producto) VALUES (6, 5);
INSERT INTO pedido_producto_relacion (id_pedido, id_producto) VALUES (6, 12);
INSERT INTO pedido_producto_relacion (id_pedido, id_producto) VALUES (7, 8);
INSERT INTO pedido_producto_relacion (id_pedido, id_producto) VALUES (7, 25);
INSERT INTO pedido_producto_relacion (id_pedido, id_producto) VALUES (7, 21);
INSERT INTO pedido_producto_relacion (id_pedido, id_producto) VALUES (7, 1);
INSERT INTO pedido_producto_relacion (id_pedido, id_producto) VALUES (7, 13);
INSERT INTO pedido_producto_relacion (id_pedido, id_producto) VALUES (7, 10);
INSERT INTO pedido_producto_relacion (id_pedido, id_producto) VALUES (8, 12);
INSERT INTO pedido_producto_relacion (id_pedido, id_producto) VALUES (8, 8);
INSERT INTO pedido_producto_relacion (id_pedido, id_producto) VALUES (9, 8);
INSERT INTO pedido_producto_relacion (id_pedido, id_producto) VALUES (10, 14);
INSERT INTO pedido_producto_relacion (id_pedido, id_producto) VALUES (10, 8);
INSERT INTO pedido_producto_relacion (id_pedido, id_producto) VALUES (11, 12);
INSERT INTO pedido_producto_relacion (id_pedido, id_producto) VALUES (11, 6);
INSERT INTO pedido_producto_relacion (id_pedido, id_producto) VALUES (11, 21);
INSERT INTO pedido_producto_relacion (id_pedido, id_producto) VALUES (11, 22);
INSERT INTO pedido_producto_relacion (id_pedido, id_producto) VALUES (11, 27);
INSERT INTO pedido_producto_relacion (id_pedido, id_producto) VALUES (11, 11);
INSERT INTO pedido_producto_relacion (id_pedido, id_producto) VALUES (12, 19);
INSERT INTO pedido_producto_relacion (id_pedido, id_producto) VALUES (12, 13);
INSERT INTO pedido_producto_relacion (id_pedido, id_producto) VALUES (12, 11);
INSERT INTO pedido_producto_relacion (id_pedido, id_producto) VALUES (12, 6);
INSERT INTO pedido_producto_relacion (id_pedido, id_producto) VALUES (13, 11);
INSERT INTO pedido_producto_relacion (id_pedido, id_producto) VALUES (13, 24);
INSERT INTO pedido_producto_relacion (id_pedido, id_producto) VALUES (13, 26);
INSERT INTO pedido_producto_relacion (id_pedido, id_producto) VALUES (13, 23);
INSERT INTO pedido_producto_relacion (id_pedido, id_producto) VALUES (14, 18);
INSERT INTO pedido_producto_relacion (id_pedido, id_producto) VALUES (15, 16);
INSERT INTO pedido_producto_relacion (id_pedido, id_producto) VALUES (15, 13);
INSERT INTO pedido_producto_relacion (id_pedido, id_producto) VALUES (15, 7);
INSERT INTO pedido_producto_relacion (id_pedido, id_producto) VALUES (16, 23);
INSERT INTO pedido_producto_relacion (id_pedido, id_producto) VALUES (16, 29);
INSERT INTO pedido_producto_relacion (id_pedido, id_producto) VALUES (16, 18);
INSERT INTO pedido_producto_relacion (id_pedido, id_producto) VALUES (16, 16);
INSERT INTO pedido_producto_relacion (id_pedido, id_producto) VALUES (16, 22);
INSERT INTO pedido_producto_relacion (id_pedido, id_producto) VALUES (16, 26);
INSERT INTO pedido_producto_relacion (id_pedido, id_producto) VALUES (17, 18);
INSERT INTO pedido_producto_relacion (id_pedido, id_producto) VALUES (17, 4);
INSERT INTO pedido_producto_relacion (id_pedido, id_producto) VALUES (18, 13);
INSERT INTO pedido_producto_relacion (id_pedido, id_producto) VALUES (18, 3);
INSERT INTO pedido_producto_relacion (id_pedido, id_producto) VALUES (18, 27);
INSERT INTO pedido_producto_relacion (id_pedido, id_producto) VALUES (18, 2);
INSERT INTO pedido_producto_relacion (id_pedido, id_producto) VALUES (19, 26);
INSERT INTO pedido_producto_relacion (id_pedido, id_producto) VALUES (19, 22);
INSERT INTO pedido_producto_relacion (id_pedido, id_producto) VALUES (19, 18);
INSERT INTO pedido_producto_relacion (id_pedido, id_producto) VALUES (19, 14);
INSERT INTO pedido_producto_relacion (id_pedido, id_producto) VALUES (19, 15);
INSERT INTO pedido_producto_relacion (id_pedido, id_producto) VALUES (19, 13);
INSERT INTO pedido_producto_relacion (id_pedido, id_producto) VALUES (20, 22);
INSERT INTO pedido_producto_relacion (id_pedido, id_producto) VALUES (21, 21);
INSERT INTO pedido_producto_relacion (id_pedido, id_producto) VALUES (21, 26);
INSERT INTO pedido_producto_relacion (id_pedido, id_producto) VALUES (22, 7);
INSERT INTO pedido_producto_relacion (id_pedido, id_producto) VALUES (22, 6);
INSERT INTO pedido_producto_relacion (id_pedido, id_producto) VALUES (23, 27);
INSERT INTO pedido_producto_relacion (id_pedido, id_producto) VALUES (23, 7);
INSERT INTO pedido_producto_relacion (id_pedido, id_producto) VALUES (23, 11);
INSERT INTO pedido_producto_relacion (id_pedido, id_producto) VALUES (23, 5);
INSERT INTO pedido_producto_relacion (id_pedido, id_producto) VALUES (24, 24);
INSERT INTO pedido_producto_relacion (id_pedido, id_producto) VALUES (24, 2);
INSERT INTO pedido_producto_relacion (id_pedido, id_producto) VALUES (24, 6);
INSERT INTO pedido_producto_relacion (id_pedido, id_producto) VALUES (24, 28);
INSERT INTO pedido_producto_relacion (id_pedido, id_producto) VALUES (24, 4);
INSERT INTO pedido_producto_relacion (id_pedido, id_producto) VALUES (25, 28);
INSERT INTO pedido_producto_relacion (id_pedido, id_producto) VALUES (25, 17);
INSERT INTO pedido_producto_relacion (id_pedido, id_producto) VALUES (25, 2);
INSERT INTO pedido_producto_relacion (id_pedido, id_producto) VALUES (25, 29);
INSERT INTO pedido_producto_relacion (id_pedido, id_producto) VALUES (25, 19);
INSERT INTO pedido_producto_relacion (id_pedido, id_producto) VALUES (26, 4);
INSERT INTO pedido_producto_relacion (id_pedido, id_producto) VALUES (27, 6);
INSERT INTO pedido_producto_relacion (id_pedido, id_producto) VALUES (27, 15);
INSERT INTO pedido_producto_relacion (id_pedido, id_producto) VALUES (27, 24);
INSERT INTO pedido_producto_relacion (id_pedido, id_producto) VALUES (28, 22);
INSERT INTO pedido_producto_relacion (id_pedido, id_producto) VALUES (28, 9);
INSERT INTO pedido_producto_relacion (id_pedido, id_producto) VALUES (29, 22);
INSERT INTO pedido_producto_relacion (id_pedido, id_producto) VALUES (30, 29);
INSERT INTO pedido_producto_relacion (id_pedido, id_producto) VALUES (30, 6);
INSERT INTO pedido_producto_relacion (id_pedido, id_producto) VALUES (30, 8);
INSERT INTO pedido_producto_relacion (id_pedido, id_producto) VALUES (31, 16);
INSERT INTO pedido_producto_relacion (id_pedido, id_producto) VALUES (31, 12);
INSERT INTO pedido_producto_relacion (id_pedido, id_producto) VALUES (31, 28);
INSERT INTO pedido_producto_relacion (id_pedido, id_producto) VALUES (32, 8);
INSERT INTO pedido_producto_relacion (id_pedido, id_producto) VALUES (32, 5);
INSERT INTO pedido_producto_relacion (id_pedido, id_producto) VALUES (33, 12);
INSERT INTO pedido_producto_relacion (id_pedido, id_producto) VALUES (33, 26);
INSERT INTO pedido_producto_relacion (id_pedido, id_producto) VALUES (33, 21);
INSERT INTO pedido_producto_relacion (id_pedido, id_producto) VALUES (33, 23);
INSERT INTO pedido_producto_relacion (id_pedido, id_producto) VALUES (33, 29);
INSERT INTO pedido_producto_relacion (id_pedido, id_producto) VALUES (33, 13);
INSERT INTO pedido_producto_relacion (id_pedido, id_producto) VALUES (34, 1);
INSERT INTO pedido_producto_relacion (id_pedido, id_producto) VALUES (34, 6);
INSERT INTO pedido_producto_relacion (id_pedido, id_producto) VALUES (34, 22);
INSERT INTO pedido_producto_relacion (id_pedido, id_producto) VALUES (34, 19);
INSERT INTO pedido_producto_relacion (id_pedido, id_producto) VALUES (34, 13);
INSERT INTO pedido_producto_relacion (id_pedido, id_producto) VALUES (34, 27);
INSERT INTO pedido_producto_relacion (id_pedido, id_producto) VALUES (35, 5);
INSERT INTO pedido_producto_relacion (id_pedido, id_producto) VALUES (35, 11);
INSERT INTO pedido_producto_relacion (id_pedido, id_producto) VALUES (35, 26);
INSERT INTO pedido_producto_relacion (id_pedido, id_producto) VALUES (35, 9);
INSERT INTO pedido_producto_relacion (id_pedido, id_producto) VALUES (36, 28);
INSERT INTO pedido_producto_relacion (id_pedido, id_producto) VALUES (36, 7);
INSERT INTO pedido_producto_relacion (id_pedido, id_producto) VALUES (37, 15);
INSERT INTO pedido_producto_relacion (id_pedido, id_producto) VALUES (37, 11);
INSERT INTO pedido_producto_relacion (id_pedido, id_producto) VALUES (38, 18);
INSERT INTO pedido_producto_relacion (id_pedido, id_producto) VALUES (38, 11);
INSERT INTO pedido_producto_relacion (id_pedido, id_producto) VALUES (38, 14);
INSERT INTO pedido_producto_relacion (id_pedido, id_producto) VALUES (38, 20);
INSERT INTO pedido_producto_relacion (id_pedido, id_producto) VALUES (38, 7);
INSERT INTO pedido_producto_relacion (id_pedido, id_producto) VALUES (39, 1);
INSERT INTO pedido_producto_relacion (id_pedido, id_producto) VALUES (39, 21);
INSERT INTO pedido_producto_relacion (id_pedido, id_producto) VALUES (40, 12);
INSERT INTO pedido_producto_relacion (id_pedido, id_producto) VALUES (40, 10);
INSERT INTO pedido_producto_relacion (id_pedido, id_producto) VALUES (40, 11);
INSERT INTO pedido_producto_relacion (id_pedido, id_producto) VALUES (40, 29);
INSERT INTO pedido_producto_relacion (id_pedido, id_producto) VALUES (40, 1);
INSERT INTO pedido_producto_relacion (id_pedido, id_producto) VALUES (41, 13);
INSERT INTO pedido_producto_relacion (id_pedido, id_producto) VALUES (41, 19);
INSERT INTO pedido_producto_relacion (id_pedido, id_producto) VALUES (41, 5);
INSERT INTO pedido_producto_relacion (id_pedido, id_producto) VALUES (41, 29);
INSERT INTO pedido_producto_relacion (id_pedido, id_producto) VALUES (41, 14);
INSERT INTO pedido_producto_relacion (id_pedido, id_producto) VALUES (41, 4);
INSERT INTO pedido_producto_relacion (id_pedido, id_producto) VALUES (42, 2);
INSERT INTO pedido_producto_relacion (id_pedido, id_producto) VALUES (43, 6);
INSERT INTO pedido_producto_relacion (id_pedido, id_producto) VALUES (44, 20);
INSERT INTO pedido_producto_relacion (id_pedido, id_producto) VALUES (44, 18);
INSERT INTO pedido_producto_relacion (id_pedido, id_producto) VALUES (44, 8);
INSERT INTO pedido_producto_relacion (id_pedido, id_producto) VALUES (44, 24);
INSERT INTO pedido_producto_relacion (id_pedido, id_producto) VALUES (44, 26);
INSERT INTO pedido_producto_relacion (id_pedido, id_producto) VALUES (44, 13);
INSERT INTO pedido_producto_relacion (id_pedido, id_producto) VALUES (45, 23);
INSERT INTO pedido_producto_relacion (id_pedido, id_producto) VALUES (45, 1);
INSERT INTO pedido_producto_relacion (id_pedido, id_producto) VALUES (45, 25);
INSERT INTO pedido_producto_relacion (id_pedido, id_producto) VALUES (45, 15);
INSERT INTO pedido_producto_relacion (id_pedido, id_producto) VALUES (46, 16);
INSERT INTO pedido_producto_relacion (id_pedido, id_producto) VALUES (46, 24);
INSERT INTO pedido_producto_relacion (id_pedido, id_producto) VALUES (46, 19);
INSERT INTO pedido_producto_relacion (id_pedido, id_producto) VALUES (46, 13);
INSERT INTO pedido_producto_relacion (id_pedido, id_producto) VALUES (46, 11);
INSERT INTO pedido_producto_relacion (id_pedido, id_producto) VALUES (47, 23);
INSERT INTO pedido_producto_relacion (id_pedido, id_producto) VALUES (47, 28);
INSERT INTO pedido_producto_relacion (id_pedido, id_producto) VALUES (47, 20);
INSERT INTO pedido_producto_relacion (id_pedido, id_producto) VALUES (47, 21);
INSERT INTO pedido_producto_relacion (id_pedido, id_producto) VALUES (48, 15);
INSERT INTO pedido_producto_relacion (id_pedido, id_producto) VALUES (48, 3);
INSERT INTO pedido_producto_relacion (id_pedido, id_producto) VALUES (48, 26);
INSERT INTO pedido_producto_relacion (id_pedido, id_producto) VALUES (48, 7);
INSERT INTO pedido_producto_relacion (id_pedido, id_producto) VALUES (48, 19);
INSERT INTO pedido_producto_relacion (id_pedido, id_producto) VALUES (48, 10);
INSERT INTO pedido_producto_relacion (id_pedido, id_producto) VALUES (49, 5);
INSERT INTO pedido_producto_relacion (id_pedido, id_producto) VALUES (49, 13);
INSERT INTO pedido_producto_relacion (id_pedido, id_producto) VALUES (49, 29);
INSERT INTO pedido_producto_relacion (id_pedido, id_producto) VALUES (49, 3);
INSERT INTO pedido_producto_relacion (id_pedido, id_producto) VALUES (49, 12);
INSERT INTO pedido_producto_relacion (id_pedido, id_producto) VALUES (49, 17);
INSERT INTO pedido_producto_relacion (id_pedido, id_producto) VALUES (50, 15);
INSERT INTO pedido_producto_relacion (id_pedido, id_producto) VALUES (50, 16);